{
    "AMC": [
        44647940.0,
        9.88,
        9.9,
        10.23,
        9.58
    ],
    "AAPL": [
        89347097.0,
        133.820007,
        134.5,
        135.0,
        133.639999
    ],
    "NIO": [
        99608710.0,
        37.02,
        35.66,
        37.058998,
        34.560001
    ],
    "SPY": [
        60229729.0,
        413.73999,
        415.869995,
        416.160004,
        413.690002
    ],
    "GE": [
        49250596.0,
        13.73,
        13.55,
        13.75,
        13.44
    ],
    "F": [
        35706167.0,
        12.3,
        12.24,
        12.32,
        12.125
    ],
    "OCGN": [
        18261877.0,
        6.86,
        6.15,
        6.8852,
        6.06
    ],
    "XLF": [
        55492354.0,
        35.259998,
        35.150002,
        35.299999,
        34.82
    ],
    "VXX": [
        53186576.0,
        10.06,
        9.97,
        10.105,
        9.91
    ],
    "BAC": [
        117934053.0,
        39.73,
        38.740002,
        39.834999,
        38.050301
    ],
    "QQQ": [
        36337835.0,
        339.470001,
        341.609985,
        342.005005,
        336.215302
    ],
    "NOK": [
        25783147.0,
        4.12,
        4.13,
        4.17,
        4.1
    ],
    "CCL": [
        23704482.0,
        28.18,
        27.32,
        28.200001,
        27.120001
    ],
    "EEM": [
        42152257.0,
        54.16,
        54.209999,
        54.259998,
        53.990002
    ],
    "AAL": [
        34030405.0,
        22.65,
        22.129999,
        22.666901,
        21.695
    ],
    "T": [
        26061907.0,
        29.780001,
        29.75,
        29.84,
        29.68
    ],
    "VIAC": [
        34635527.0,
        40.619999,
        39.25,
        40.669998,
        38.959999
    ],
    "AMD": [
        68942681.0,
        80.32,
        83.010002,
        83.949898,
        79.970001
    ],
    "SENS": [
        27991975.0,
        2.13,
        1.98,
        2.13,
        1.93
    ],
    "TQQQ": [
        30194800.0,
        109.370003,
        111.339996,
        111.760002,
        109.239998
    ],
    "TLRY": [
        20269569.0,
        17.68,
        16.940001,
        18.450001,
        16.93
    ],
    "TME": [
        30092559.0,
        18.58,
        17.99,
        18.629999,
        17.700001
    ],
    "TSLA": [
        27528215.0,
        743.099976,
        738.849976,
        743.679993,
        721.309998
    ],
    "XLE": [
        24847024.0,
        49.25,
        48.790001,
        49.240002,
        48.59
    ],
    "WFC": [
        39203781.0,
        42.099998,
        42.240002,
        42.259998,
        41.029999
    ],
    "EWZ": [
        36858324.0,
        34.959999,
        34.73,
        35.02,
        34.564999
    ],
    "PLUG": [
        68743469.0,
        28.75,
        26.09,
        28.767401,
        24.610001
    ],
    "SLV": [
        29183595.0,
        23.779499,
        24.030001,
        24.1299,
        23.762199
    ],
    "GME": [
        7694453.0,
        163.0,
        156.440002,
        166.254593,
        152.800003
    ],
    "IWM": [
        19668826.0,
        225.089996,
        224.289993,
        225.119995,
        222.259995
    ],
    "PFE": [
        24613013.0,
        37.259998,
        37.599998,
        37.740002,
        37.259998
    ],
    "IDEX": [
        34872714.0,
        2.77,
        2.52,
        2.79,
        2.46
    ],
    "INTC": [
        24927074.0,
        63.970001,
        65.019997,
        65.214996,
        63.679901
    ],
    "XOM": [
        23255877.0,
        57.419998,
        56.98,
        57.369999,
        56.779999
    ],
    "FCEL": [
        47157614.0,
        11.12,
        9.66,
        11.15,
        9.12
    ],
    "VALE": [
        25756213.0,
        19.35,
        19.299999,
        19.4,
        19.110001
    ],
    "BNGO": [
        27063702.0,
        6.48,
        6.11,
        6.51,
        5.825
    ],
    "MSFT": [
        25627481.0,
        257.931,
        259.5,
        259.924988,
        257.730011
    ],
    "MRO": [
        18227915.0,
        11.09,
        10.84,
        11.12,
        10.78
    ],
    "HYG": [
        20920537.0,
        87.330002,
        87.480003,
        87.480003,
        87.269997
    ],
    "APHA": [
        19895432.0,
        14.25,
        13.59,
        14.6812,
        13.45
    ],
    "FCX": [
        26836809.0,
        36.970001,
        37.830002,
        38.130001,
        36.23
    ],
    "SIRI": [
        17546947.0,
        6.31,
        6.24,
        6.34,
        6.24
    ],
    "SNAP": [
        15090481.0,
        62.509998,
        63.889999,
        64.769997,
        61.610001
    ],
    "NCLH": [
        17003229.0,
        29.440001,
        28.280001,
        29.370001,
        28.190001
    ],
    "IAU": [
        27626727.0,
        16.690001,
        16.82,
        16.860001,
        16.68
    ],
    "CSCO": [
        16095847.0,
        51.759998,
        51.639999,
        51.939899,
        51.369999
    ],
    "BB": [
        8282666.0,
        9.1,
        8.77,
        9.11,
        8.65
    ],
    "GM": [
        14189508.0,
        59.450001,
        58.610001,
        59.529999,
        58.369999
    ],
    "TWTR": [
        9995195.0,
        70.550003,
        71.709999,
        71.879997,
        70.169998
    ],
    "ET": [
        8680787.0,
        8.01,
        8.06,
        8.06,
        7.95
    ],
    "GDX": [
        30513875.0,
        34.802502,
        35.709999,
        35.959999,
        34.73
    ],
    "EFA": [
        19130630.0,
        78.559998,
        78.720001,
        78.75,
        78.485001
    ],
    "MU": [
        15504167.0,
        91.75,
        90.269997,
        91.959999,
        89.445
    ],
    "GEVO": [
        17404378.0,
        7.33,
        6.37,
        7.3262,
        6.23
    ],
    "ZNGA": [
        9616972.0,
        10.65,
        10.73,
        10.78,
        10.525
    ],
    "OXY": [
        13422599.0,
        25.34,
        24.860001,
        25.35,
        24.68
    ],
    "VZ": [
        13334518.0,
        57.560001,
        57.700001,
        57.91,
        57.540001
    ],
    "FB": [
        14314484.0,
        306.339996,
        307.820007,
        310.140015,
        304.110107
    ],
    "GOLD": [
        22697708.0,
        21.389999,
        21.98,
        22.200001,
        21.35
    ],
    "ACB": [
        7343169.0,
        8.03,
        7.79,
        8.125,
        7.705
    ],
    "FXI": [
        15817325.0,
        46.639999,
        46.650002,
        46.855,
        46.560001
    ],
    "C": [
        28948801.0,
        74.449997,
        72.540001,
        74.709999,
        71.760002
    ],
    "CMCSA": [
        16445115.0,
        53.709999,
        54.139999,
        54.5,
        53.509998
    ],
    "BP": [
        11544166.0,
        25.35,
        25.200001,
        25.440001,
        25.1
    ],
    "BA": [
        8945360.0,
        253.559998,
        251.110001,
        253.970001,
        249.429993
    ],
    "BABA": [
        10455754.0,
        240.0,
        239.089996,
        240.949997,
        238.130005
    ],
    "KO": [
        11805878.0,
        53.130001,
        53.330002,
        53.66,
        53.119999
    ],
    "UAL": [
        11774688.0,
        57.790001,
        56.119999,
        57.834999,
        55.57
    ],
    "LQD": [
        16281640.0,
        131.660004,
        131.970001,
        132.320007,
        131.649994
    ],
    "KMI": [
        11489843.0,
        16.610001,
        16.719999,
        16.75,
        16.52
    ],
    "FUBO": [
        18373959.0,
        21.08,
        19.290001,
        21.25,
        19.200001
    ],
    "KGC": [
        13925261.0,
        7.28,
        7.46,
        7.53,
        7.27
    ],
    "DISCA": [
        15307380.0,
        38.790001,
        37.82,
        38.935001,
        37.27
    ],