{
    "AMC": [
        50961100.0,
        9.0,
        9.35,
        9.81,
        8.9
    ],
    "AAPL": [
        87074300.0,
        134.940002,
        132.029999,
        135.0,
        131.660004
    ],
    "NIO": [
        78339900.0,
        39.23,
        37.02,
        39.330002,
        36.790001
    ],
    "SPY": [
        61506600.0,
        412.829987,
        411.450012,
        413.959991,
        410.869995
    ],
    "GE": [
        64325300.0,
        13.43,
        13.68,
        13.79,
        13.42
    ],
    "F": [
        49785900.0,
        12.2,
        12.24,
        12.49,
        12.2
    ],
    "OCGN": [
        32764300.0,
        6.748,
        6.9,
        7.49,
        6.68
    ],
    "XLF": [
        44034200.0,
        34.880001,
        35.18,
        35.43,
        34.830002
    ],
    "VXX": [
        59638400.0,
        10.13,
        10.31,
        10.37,
        10.04
    ],
    "BAC": [
        51959200.0,
        38.98,
        39.880001,
        40.330002,
        38.919998
    ],
    "QQQ": [
        42419900.0,
        340.850006,
        336.51001,
        340.980011,
        335.670013
    ],
    "NOK": [
        28656600.0,
        4.13,
        4.13,
        4.17,
        4.11
    ],
    "CCL": [
        23240100.0,
        28.01,
        27.940001,
        28.75,
        27.85
    ],
    "EEM": [
        27448500.0,
        53.93,
        53.720001,
        54.040001,
        53.669998
    ],
    "AAL": [
        33864300.0,
        22.950001,
        22.370001,
        23.35,
        22.200001
    ],
    "T": [
        31278000.0,
        29.6,
        29.73,
        29.799999,
        29.299999
    ],
    "VIAC": [
        35612700.0,
        40.91,
        40.220001,
        41.98,
        40.18
    ],
    "AMD": [
        34200900.0,
        79.879997,
        78.550003,
        80.129997,
        77.940002
    ],
    "SENS": [
        16792300.0,
        2.1,
        2.12,
        2.27,
        2.06
    ],
    "TQQQ": [
        40187600.0,
        110.790001,
        106.629997,
        110.93,
        105.760002
    ],
    "TLRY": [
        15342600.0,
        18.09,
        17.4,
        18.129999,
        17.32
    ],
    "TME": [
        20898500.0,
        18.0,
        18.15,
        18.700001,
        17.9
    ],
    "TSLA": [
        48875100.0,
        770.700012,
        732.22998,
        780.789978,
        728.030029
    ],
    "XLE": [
        33371700.0,
        48.279999,
        49.189999,
        49.84,
        48.23
    ],
    "WFC": [
        64881900.0,
        39.700001,
        41.990002,
        42.18,
        39.060001
    ],
    "EWZ": [
        28427400.0,
        33.77,
        34.34,
        34.529999,
        33.759998
    ],
    "PLUG": [
        30598500.0,
        30.18,
        28.389999,
        30.690001,
        28.27
    ],
    "SLV": [
        11106100.0,
        23.43,
        23.59,
        23.65,
        23.43
    ],
    "GME": [
        21108900.0,
        143.570007,
        166.529999,
        174.089996,
        143.0
    ],
    "IWM": [
        27336200.0,
        221.869995,
        223.320007,
        226.0,
        221.800003
    ],
    "PFE": [
        23813900.0,
        37.169998,
        37.169998,
        37.380001,
        36.959999
    ],
    "IDEX": [
        33592800.0,
        2.88,
        2.74,
        2.95,
        2.73
    ],
    "INTC": [
        25760000.0,
        65.309998,
        64.190002,
        65.379997,
        63.84
    ],
    "XOM": [
        28043000.0,
        56.41,
        57.32,
        58.009998,
        56.25
    ],
    "FCEL": [
        17123800.0,
        11.26,
        11.03,
        11.72,
        10.94
    ],
    "VALE": [
        25257300.0,
        18.200001,
        18.91,
        19.049999,
        18.200001
    ],
    "BNGO": [
        17931600.0,
        6.8,
        6.43,
        6.82,
        6.4
    ],
    "MSFT": [
        23057600.0,
        257.480011,
        255.589996,
        258.829987,
        255.160004
    ],
    "MRO": [
        21617000.0,
        10.86,
        11.09,
        11.46,
        10.85
    ],
    "HYG": [
        17992800.0,
        87.190002,
        87.129997,
        87.290001,
        87.089996
    ],
    "APHA": [
        13710100.0,
        14.72,
        14.23,
        14.745,
        14.1
    ],
    "FCX": [
        35644600.0,
        34.950001,
        36.310001,
        37.040001,
        34.860001
    ],
    "SIRI": [
        18642500.0,
        6.19,
        6.28,
        6.32,
        6.19
    ],
    "SNAP": [
        20860900.0,
        64.010002,
        62.009998,
        65.860001,
        61.73
    ],
    "NCLH": [
        12011700.0,
        29.6,
        29.209999,
        30.190001,
        29.07
    ],
    "IAU": [
        21536400.0,
        16.559999,
        16.549999,
        16.58,
        16.5
    ],
    "CSCO": [
        15374700.0,
        51.509998,
        51.369999,
        51.68,
        51.139999
    ],
    "BB": [
        7694000.0,
        9.05,
        9.0,
        9.37,
        8.99
    ],
    "GM": [
        14611200.0,
        58.59,
        58.48,
        59.650002,
        58.25
    ],
    "TWTR": [
        12911000.0,
        72.510002,
        69.739998,
        73.220001,
        69.5
    ],
    "ET": [
        18688900.0,
        8.03,
        8.02,
        8.08,
        7.98
    ],
    "GDX": [
        14030300.0,
        34.540001,
        34.290001,
        34.75,
        34.209999
    ],
    "EFA": [
        13079200.0,
        78.050003,
        78.07,
        78.349998,
        78.0
    ],
    "MU": [
        19104600.0,
        91.660004,
        90.669998,
        92.529999,
        89.510002
    ],
    "GEVO": [
        9835000.0,
        7.2,
        7.24,
        7.65,
        7.13
    ],
    "ZNGA": [
        8030600.0,
        10.6,
        10.56,
        10.83,
        10.53
    ],
    "OXY": [
        26384000.0,
        25.0,
        25.549999,
        26.049999,
        24.92
    ],
    "VZ": [
        13883000.0,
        57.5,
        57.700001,
        58.130001,
        57.290001
    ],
    "FB": [
        17408100.0,
        307.299988,
        302.820007,
        308.029999,
        301.950012
    ],
    "GOLD": [
        13959300.0,
        21.120001,
        21.110001,
        21.25,
        21.01
    ],
    "ACB": [
        7480100.0,
        8.24,
        7.98,
        8.24,
        7.9
    ],
    "FXI": [
        17805100.0,
        46.93,
        46.59,
        47.02,
        46.529999
    ],
    "C": [
        19454000.0,
        71.739998,
        72.910004,
        73.290001,
        71.379997
    ],
    "CMCSA": [
        13334600.0,
        53.52,
        53.299999,
        53.880001,
        53.150002
    ],
    "BP": [
        22869800.0,
        24.940001,
        25.540001,
        25.77,
        24.9
    ],
    "BA": [
        12643900.0,
        255.320007,
        252.429993,
        258.369995,
        251.279999
    ],
    "BABA": [
        12391300.0,
        244.369995,
        239.229996,
        245.089996,
        238.649994
    ],
    "KO": [
        9787200.0,
        52.98,
        53.080002,
        53.189999,
        52.650002
    ],
    "UAL": [
        12947800.0,
        57.459999,
        56.919998,
        58.52,
        56.540001
    ],
    "LQD": [
        10219300.0,
        131.160004,
        131.160004,
        131.289993,
        130.940002
    ],
    "KMI": [
        12011900.0,
        16.58,
        16.65,
        16.799999,
        16.52
    ],
    "FUBO": [
        13542800.0,
        21.32,
        20.969999,
        22.18,
        20.870001
    ],
    "KGC": [
        8581200.0,
        7.33,
        7.16,
        7.33,
        7.12
    ],
    "DISCA": [
        35596900.0,
        39.0,
        38.380001,
        40.110001,
        38.060001
    ],
    "NLY": [
        15254800.0,
        8.75,
        8.84,
        8.85,
        8.74
    ],