{
    "AMC": [
        39946238.0,
        10.0,
        9.33,
        10.03,
        9.09
    ],
    "AAPL": [
        81113424.0,
        134.300003,
        134.160004,
        134.660004,
        133.279999
    ],
    "NIO": [
        82236800.0,
        34.689999,
        36.09,
        36.540001,
        34.060001
    ],
    "SPY": [
        70040796.0,
        417.25,
        417.26001,
        417.910004,
        415.730011
    ],
    "GE": [
        48313502.0,
        13.63,
        13.39,
        13.6783,
        13.35
    ],
    "F": [
        32265569.0,
        12.32,
        12.23,
        12.36,
        12.19
    ],
    "OCGN": [
        17183393.0,
        5.92,
        5.78,
        5.99,
        5.51
    ],
    "XLF": [
        38912173.0,
        35.459999,
        35.400002,
        35.525002,
        35.240002
    ],
    "VXX": [
        48697956.0,
        9.96,
        9.81,
        10.04,
        9.73
    ],
    "BAC": [
        57377244.0,
        39.310001,
        39.150002,
        39.419998,
        38.91
    ],
    "QQQ": [
        37562488.0,
        342.149994,
        342.01001,
        342.230011,
        340.079987
    ],
    "NOK": [
        22580597.0,
        4.15,
        4.18,
        4.19,
        4.13
    ],
    "CCL": [
        21803992.0,
        27.530001,
        27.030001,
        27.790001,
        26.82
    ],
    "EEM": [
        30729844.0,
        54.349998,
        54.349998,
        54.43,
        54.095001
    ],
    "AAL": [
        25242013.0,
        22.059999,
        22.030001,
        22.360001,
        21.870001
    ],
    "T": [
        26141637.0,
        29.91,
        29.950001,
        30.030001,
        29.84
    ],
    "VIAC": [
        32648918.0,
        39.299999,
        39.349998,
        39.949402,
        38.799999
    ],
    "AMD": [
        45940397.0,
        83.300003,
        82.150002,
        83.589996,
        81.529999
    ],
    "SENS": [
        22847856.0,
        1.88,
        1.89,
        2.03,
        1.78
    ],
    "TQQQ": [
        27746945.0,
        111.910004,
        111.809998,
        111.989998,
        109.900002
    ],
    "TLRY": [
        12242940.0,
        16.76,
        17.200001,
        17.285,
        16.26
    ],
    "TME": [
        17137026.0,
        18.09,
        18.040001,
        18.1399,
        17.700001
    ],
    "TSLA": [
        27635198.0,
        728.650024,
        739.780029,
        749.40802,
        724.599976
    ],
    "XLE": [
        28453896.0,
        49.150002,
        48.400002,
        49.27,
        48.199902
    ],
    "WFC": [
        56441535.0,
        42.669998,
        43.84,
        44.130001,
        42.580002
    ],
    "EWZ": [
        33577871.0,
        34.5,
        35.060001,
        35.255001,
        34.334999
    ],
    "PLUG": [
        50520193.0,
        25.799999,
        27.24,
        27.58,
        25.4503
    ],
    "SLV": [
        20658079.0,
        24.200001,
        24.09,
        24.219999,
        24.059999
    ],
    "GME": [
        4955910.0,
        156.0,
        154.690002,
        160.196899,
        151.25
    ],
    "IWM": [
        22259049.0,
        225.399994,
        224.649994,
        225.669998,
        223.020004
    ],
    "PFE": [
        51880421.0,
        37.869999,
        38.57,
        38.700001,
        37.810001
    ],
    "IDEX": [
        22635915.0,
        2.422,
        2.39,
        2.515,
        2.31
    ],
    "INTC": [
        22418274.0,
        65.330002,
        64.75,
        65.519997,
        64.57
    ],
    "XOM": [
        22192859.0,
        57.360001,
        56.66,
        57.68,
        56.439999
    ],
    "FCEL": [
        46810948.0,
        11.12,
        9.86,
        11.15,
        9.12
    ],
    "VALE": [
        25646877.0,
        19.35,
        19.530001,
        19.4,
        19.110001
    ],
    "BNGO": [
        26737917.0,
        6.48,
        5.66,
        6.51,
        5.825
    ],
    "MSFT": [
        23711447.0,
        257.931,
        260.73999,
        259.924988,
        257.730011
    ],
    "MRO": [
        15498746.0,
        11.09,
        10.53,
        11.15,
        10.78
    ],
    "HYG": [
        20920537.0,
        87.330002,
        87.300003,
        87.480003,
        87.269997
    ],
    "APHA": [
        19895432.0,
        14.25,
        14.14,
        14.6812,
        13.45
    ],
    "FCX": [
        26836809.0,
        36.970001,
        38.139999,
        38.130001,
        36.23
    ],
    "SIRI": [
        17546947.0,
        6.31,
        6.31,
        6.34,
        6.24
    ],
    "SNAP": [
        15090481.0,
        62.509998,
        61.25,
        64.769997,
        61.610001
    ],
    "NCLH": [
        17003229.0,
        29.440001,
        28.32,
        29.370001,
        28.190001
    ],
    "IAU": [
        27626727.0,
        16.690001,
        16.91,
        16.860001,
        16.68
    ],
    "CSCO": [
        16095847.0,
        51.759998,
        52.799999,
        51.939899,
        51.369999
    ],
    "BB": [
        8345658.0,
        9.1,
        8.7,
        9.14,
        8.65
    ],
    "GM": [
        13763489.0,
        59.450001,
        58.709999,
        59.529999,
        58.369999
    ],
    "TWTR": [
        9995195.0,
        70.550003,
        70.120003,
        71.879997,
        70.169998
    ],
    "ET": [
        8680787.0,
        8.01,
        7.87,
        8.06,
        7.95
    ],
    "GDX": [
        30513875.0,
        34.802502,
        36.029999,
        35.959999,
        34.73
    ],
    "EFA": [
        19131030.0,
        78.559998,
        79.290001,
        78.75,
        78.489998
    ],
    "MU": [
        15504167.0,
        91.75,
        90.660004,
        91.959999,
        89.445
    ],
    "GEVO": [
        17404378.0,
        7.33,
        6.33,
        7.3262,
        6.23
    ],
    "ZNGA": [
        9616972.0,
        10.65,
        10.56,
        10.78,
        10.525
    ],
    "OXY": [
        12737480.0,
        25.34,
        24.379999,
        25.41,
        24.68
    ],
    "VZ": [
        11080912.0,
        57.560001,
        58.279999,
        57.91,
        57.540001
    ],
    "FB": [
        14314484.0,
        306.339996,
        306.179993,
        310.140015,
        304.110107
    ],
    "GOLD": [
        22696666.0,
        21.389999,
        22.23,
        22.200001,
        21.35
    ],
    "ACB": [
        7389553.0,
        8.03,
        7.88,
        8.125,
        7.705
    ],
    "FXI": [
        15817325.0,
        46.639999,
        46.91,
        46.855,
        46.560001
    ],
    "C": [
        30443333.0,
        74.449997,
        72.449997,
        74.730003,
        71.760002
    ],
    "CMCSA": [
        16445115.0,
        53.709999,
        55.110001,
        54.5,
        53.509998
    ],
    "BP": [
        11667168.0,
        25.35,
        25.18,
        25.440001,
        25.1
    ],
    "BA": [
        8945360.0,
        253.559998,
        248.179993,
        253.970001,
        246.231201
    ],
    "BABA": [
        11079058.0,
        240.0,
        238.690002,
        240.949997,
        238.126801
    ],
    "KO": [
        10138137.0,
        53.130001,
        53.68,
        53.654999,
        53.130001
    ],
    "UAL": [
        11774688.0,
        57.790001,
        55.869999,
        57.834999,
        55.57
    ],
    "LQD": [
        16281640.0,
        131.660004,
        131.070007,
        132.320007,
        131.649994
    ],
    "KMI": [
        10388398.0,
        16.610001,
        16.540001,
        16.75,
        16.52
    ],
    "FUBO": [
        18373959.0,
        21.08,
        18.860001,
        21.25,
        19.200001
    ],
    "KGC": [
        13925261.0,
        7.28,
        7.5,
        7.53,
        7.27
    ],
    "DISCA": [
        15307380.0,
        38.790001,
        37.34,
        38.935001,
        37.27
    ],