{
    "DAL": [
        9461441.0,
        46.43,
        46.150002,
        46.470001,
        45.630001
    ],
    "AVGO": [
        2456468.0,
        476.529999,
        462.0,
        476.790009,
        460.049988
    ],
    "XOM": [
        18507935.0,
        56.75,
        56.48,
        57.139999,
        55.959999
    ],
    "PSEC": [
        2107478.0,
        8.01,
        8.0,
        8.1,
        7.9901
    ],
    "INO": [
        6221255.0,
        8.6877,
        8.81,
        8.96,
        8.59
    ],
    "COIN": [
        11323126.0,
        337.26001,
        333.0,
        341.01001,
        326.790009
    ],
    "SNDL": [
        280177650.0,
        0.8201,
        0.9402,
        0.9848,
        0.8198
    ],
    "WMT": [
        5643371.0,
        140.289993,
        139.710007,
        140.570007,
        139.610001
    ],
    "FUBO": [
        16567024.0,
        18.450001,
        19.43,
        19.469999,
        17.41
    ],
    "PFE": [
        29563244.0,
        38.599998,
        38.93,
        38.959999,
        38.331402
    ],
    "ZNGA": [
        18218096.0,
        10.89,
        10.59,
        10.8918,
        10.49
    ],
    "DNMR": [
        5173309.0,
        31.6,
        25.99,
        31.610001,
        25.610001
    ],
    "CCIV": [
        19379686.0,
        19.870001,
        19.540001,
        20.33,
        18.68
    ],
    "LUV": [
        4315358.0,
        62.290001,
        62.029999,
        62.389999,
        61.380001
    ],
    "OGI": [
        11116753.0,
        2.48,
        2.6,
        2.72,
        2.44
    ],
    "PYPL": [
        5062399.0,
        267.130005,
        267.910004,
        268.480011,
        263.920013
    ],
    "HEXO": [
        2480923.0,
        5.47,
        5.6,
        5.75,
        5.4084
    ],
    "T": [
        22392305.0,
        30.0,
        29.99,
        30.07,
        29.815001
    ],
    "NKLA": [
        13244977.0,
        10.9,
        10.29,
        10.93,
        10.195
    ],
    "TSLA": [
        38620957.0,
        719.599976,
        714.630005,
        725.400024,
        691.849976
    ],
    "HAE": [
        6616385.0,
        91.940002,
        74.68,
        93.739998,
        74.100098
    ],
    "PENN": [
        5313060.0,
        99.489998,
        93.0,
        99.709999,
        92.57
    ],
    "SCHW": [
        8563017.0,
        65.739998,
        65.879997,
        66.599998,
        64.830002
    ],
    "EQOS": [
        4056844.0,
        7.72,
        6.41,
        7.85,
        6.04
    ],
    "XXII": [
        10817167.0,
        3.2,
        3.55,
        3.97,
        3.01
    ],
    "NNDM": [
        20909215.0,
        7.18,
        6.64,
        7.2,
        6.57
    ],
    "F": [
        37659876.0,
        12.22,
        12.11,
        12.25,
        12.02
    ],
    "TNXP": [
        38902359.0,
        1.12,
        1.08,
        1.17,
        1.03
    ],
    "RYCEY": [
        6361950.0,
        1.5,
        1.49,
        1.5246,
        1.49
    ],
    "NIO": [
        90708122.0,
        36.779999,
        36.779999,
        37.540001,
        35.360001
    ],
    "SNAP": [
        15549813.0,
        60.470001,
        60.439999,
        60.630001,
        58.119999
    ],
    "APHA": [
        10783543.0,
        14.16,
        14.41,
        15.19,
        13.955
    ],
    "SBUX": [
        4672977.0,
        118.169998,
        117.599998,
        118.980003,
        117.040001
    ],
    "IR": [
        2011320.0,
        50.080002,
        50.91,
        50.959999,
        50.009998
    ],
    "FCEL": [
        23523925.0,
        9.6,
        9.21,
        9.755,
        8.93
    ],
    "MRO": [
        16542838.0,
        10.56,
        10.63,
        10.7715,
        10.42
    ],
    "CRCT": [
        2612404.0,
        20.85,
        23.34,
        24.4,
        20.565001
    ],
    "WKHS": [
        14855979.0,
        12.66,
        12.6,
        12.8,
        11.775
    ],
    "JKHY": [
        648834.0,
        159.080002,
        161.149994,
        161.470001,
        158.679993
    ],
    "TWTR": [
        12911336.0,
        69.620003,
        67.940002,
        69.900002,
        66.769997
    ],
    "SQ": [
        9178699.0,
        250.220001,
        245.330002,
        253.183701,
        242.600006
    ],
    "NFLX": [
        3880600.0,
        546.900024,
        554.440002,
        556.440002,
        545.530029
    ],
    "GE": [
        43911960.0,
        13.32,
        13.46,
        13.47,
        13.17
    ],
    "NKE": [
        5484409.0,
        134.300003,
        132.570007,
        134.470001,
        132.149994
    ],
    "TLRY": [
        15663957.0,
        17.26,
        17.440001,
        18.49,
        16.870001
    ],
    "DMTK": [
        2665546.0,
        42.650002,
        37.490002,
        42.849998,
        36.740002
    ],
    "PLUG": [
        34124908.0,
        26.698,
        25.24,
        26.9,
        25.011999
    ],
    "CMMB": [
        1614595.0,
        26.123501,
        34.490002,
        46.169998,
        26.123501
    ],
    "SIRI": [
        13530540.0,
        6.34,
        6.28,
        6.34,
        6.24
    ],
    "NRZ": [
        12776174.0,
        10.53,
        10.34,
        10.555,
        10.28
    ],
    "NCLH": [
        11998963.0,
        28.15,
        27.969999,
        28.51,
        27.57
    ],
    "MONOY": [
        31644.0,
        28.1745,
        26.870001,
        28.1745,
        26.620001
    ],
    "MO": [
        27780783.0,
        52.310001,
        49.080002,
        52.549999,
        48.279999
    ],
    "ENPH": [
        2744685.0,
        146.929993,
        141.139999,
        153.595001,
        139.270004
    ],
    "ET": [
        14079632.0,
        7.87,
        8.04,
        8.06,
        7.81
    ],
    "JBLU": [
        5712825.0,
        20.17,
        20.190001,
        20.325001,
        19.889999
    ],
    "BB": [
        6319948.0,
        8.65,
        8.62,
        8.79,
        8.46
    ],
    "RCL": [
        2483588.0,
        85.120003,
        83.779999,
        85.739998,
        83.410004
    ],
    "ZM": [
        3043160.0,
        327.519989,
        324.329987,
        337.779999,
        320.5
    ],
    "CDNS": [
        1734258.0,
        145.669998,
        141.940002,
        147.009995,
        140.429993
    ],
    "SOS": [
        29284579.0,
        4.13,
        3.97,
        4.34,
        3.96
    ],
    "APA": [
        4727328.0,
        17.9,
        18.07,
        18.389099,
        17.780001
    ],
    "BAC": [
        40141202.0,
        39.389999,
        39.169998,
        39.43,
        39.035
    ],
    "CPRX": [
        855124.0,
        4.38,
        4.31,
        4.395,
        4.3
    ],
    "VOO": [
        3942184.0,
        382.619995,
        381.73999,
        383.089996,
        380.369995
    ],
    "GNUS": [
        14602231.0,
        1.55,
        1.55,
        1.58,
        1.47
    ],
    "CTRM": [
        134726853.0,
        0.457,
        0.4884,
        0.505,
        0.45
    ],
    "RBLX": [
        6600905.0,
        75.870003,
        72.0,
        78.299896,
        71.43
    ],
    "MRNA": [
        8816450.0,
        166.610001,
        161.910004,
        168.195801,
        159.600006
    ],
    "GM": [
        11915592.0,
        58.57,
        57.880001,
        58.740002,
        57.23
    ],
    "PTON": [
        22285093.0,
        108.620003,
        107.75,
        112.910004,
        104.580002
    ],
    "FB": [
        13519148.0,
        305.006989,
        302.23999,
        307.700012,
        300.559998
    ],
    "SNPS": [
        1095158.0,
        258.619995,
        250.639999,
        258.855011,
        247.479996
    ],
    "IMNM": [
        61178.0,
        24.209999,
        27.530001,
        27.74,
        24.07
    ],